URL_ID,URL,positive_score,negative_score,Polarity score,Subjectivity score,Average_sentence_length,complex word count,Fog_index,avg_words_per_sentence,percentage of complex words,word count,total_syllables,Personal_pronouns,average_word_length
37,https://insights.blackcoffer.com/ai-in-healthcare-to-improve-patient-outcomes/,,,,,,,,,,,,,
38,https://insights.blackcoffer.com/what-if-the-creation-is-taking-over-the-creator/,1163.0,1344.0,-0.07219784600231438,3.3205297969264507,9.096385542168674,431.0,3.8668985877283966,8.433734939759036,0.5708609271523178,4411.0,1417.0,1.0,5.611920529801324
39,https://insights.blackcoffer.com/what-jobs-will-robots-take-from-humans-in-the-future/,2051.0,2124.0,-0.017485029935931727,4.217171712911948,11.511627906976743,730.0,4.8996006577401925,10.965116279069768,0.7373737373737373,7016.0,2177.0,0.0,6.6
40,https://insights.blackcoffer.com/will-machine-replace-the-human-in-the-future-of-work/,1253.0,1410.0,-0.05895606456667065,3.5085638952456337,8.074468085106384,503.0,3.4948728730412366,7.404255319148936,0.6627140974967062,4855.0,1530.0,0.0,6.022397891963109
41,https://insights.blackcoffer.com/will-ai-replace-us-or-work-with-us/,169.0,293.0,-0.2683982678173198,0.4920127790287404,10.793103448275861,621.0,4.581778120524402,10.425287356321839,0.6613418530351438,6015.0,1891.0,1.0,6.11395101171459
42,https://insights.blackcoffer.com/man-and-machines-together-machines-are-more-diligent-than-humans-blackcoffe/,1987.0,2090.0,-0.025263674264100155,6.00441825330719,11.508474576271187,441.0,4.863183644941465,10.932203389830509,0.6494845360824743,4222.0,1337.0,1.0,5.88659793814433
43,https://insights.blackcoffer.com/in-future-or-in-upcoming-years-humans-and-machines-are-going-to-work-together-in-every-field-of-work/,1541.0,1753.0,-0.06435944138908335,7.787234024143655,8.8125,270.0,3.7803191489361705,8.0625,0.6382978723404256,2589.0,821.0,0.0,5.794326241134752
44,https://insights.blackcoffer.com/how-neural-networks-can-be-applied-in-various-areas-in-the-future/,,,,,,,,,,,,,
45,https://insights.blackcoffer.com/how-machine-learning-will-affect-your-business/,1658.0,1830.0,-0.049311926591366996,9.227513203101816,9.947368421052632,246.0,4.239264828738513,9.263157894736842,0.6507936507936508,2312.0,690.0,0.0,5.751322751322752
46,https://insights.blackcoffer.com/deep-learning-impact-on-areas-of-e-learning/,2322.0,2472.0,-0.031289111382709824,4.249999996232269,12.96551724137931,770.0,5.459256541941794,12.344827586206897,0.6826241134751773,7417.0,2324.0,0.0,6.11790780141844
47,https://insights.blackcoffer.com/how-to-protect-future-data-and-its-privacy-blackcoffer/,1082.0,1218.0,-0.059130434756899816,1.9150707727601408,11.77450980392157,746.0,4.958263538554473,10.990196078431373,0.6211490424646128,6884.0,2281.0,1.0,5.447127393838468
48,https://insights.blackcoffer.com/how-machines-ai-automations-and-robo-human-are-effective-in-finance-and-banking/,301.0,427.0,-0.17307692283918005,1.1080669693941143,11.135593220338983,507.0,4.762913087222351,10.661016949152541,0.771689497716895,4936.0,1503.0,0.0,6.951293759512938
49,https://insights.blackcoffer.com/ai-human-robotics-machine-future-planet-blackcoffer-thinking-jobs-workplace/,2560.0,2809.0,-0.04637735145345923,7.324693032299191,8.329545454545455,457.0,3.581204266402084,7.75,0.6234652114597544,4404.0,1417.0,0.0,5.748976807639837
50,https://insights.blackcoffer.com/how-ai-will-change-the-world-blackcoffer/,1004.0,1107.0,-0.04879204166329131,2.911724133914863,9.0625,537.0,3.9212758620689656,9.2125,0.7406896551724138,5213.0,1591.0,12.0,6.722758620689655
51,https://insights.blackcoffer.com/future-of-work-how-ai-has-entered-the-workplace/,1943.0,2068.0,-0.031164298172235278,4.774999994315476,9.882352941176471,563.0,4.221036414565827,9.623529411764705,0.6702380952380952,5528.0,1734.0,0.0,6.264285714285714
52,https://insights.blackcoffer.com/ai-tool-alexa-google-assistant-finance-banking-tool-future/,2475.0,2749.0,-0.052450229698994974,17.589225530002608,12.91304347826087,221.0,5.462860488947445,12.391304347826088,0.7441077441077442,2155.0,663.0,0.0,6.774410774410774
53,https://insights.blackcoffer.com/ai-healthcare-revolution-ml-technology-algorithm-google-analytics-industrialrevolution/,1461.0,1704.0,-0.0767772511605759,4.288617880367727,73.8,540.0,29.812682926829268,73.1,0.7317073170731707,5475.0,1546.0,0.0,6.699186991869919
54,https://insights.blackcoffer.com/all-you-need-to-know-about-online-marketing/,1520.0,1742.0,-0.0680564070913377,8.054320967767108,8.617021276595745,291.0,3.7342159180457055,8.48936170212766,0.7185185185185186,2793.0,861.0,0.0,6.48395061728395
55,https://insights.blackcoffer.com/evolution-of-advertising-industry/,455.0,630.0,-0.16129032243199046,2.58333332718254,10.24390243902439,308.0,4.390894308943089,10.292682926829269,0.7333333333333333,3045.0,952.0,1.0,6.876190476190477
56,https://insights.blackcoffer.com/how-data-analytics-can-help-your-business-respond-to-the-impact-of-covid-19/,1893.0,2049.0,-0.039573820385699184,42.847825621219286,11.5,71.0,4.908695652173914,11.875,0.7717391304347826,638.0,209.0,0.0,6.684782608695652
57,https://insights.blackcoffer.com/covid-19-environmental-impact-for-the-future/,,,,,,,,,,,,,
58,https://insights.blackcoffer.com/environmental-impact-of-the-covid-19-pandemic-lesson-for-the-future/,1105.0,1285.0,-0.0753138074998687,3.083870963762747,13.362068965517242,548.0,5.627666295884317,12.89655172413793,0.7070967741935484,5143.0,1513.0,0.0,6.193548387096774
59,https://insights.blackcoffer.com/how-data-analytics-and-ai-are-used-to-halt-the-covid-19-pandemic/,328.0,451.0,-0.15789473663941625,2.0129198914394837,11.727272727272727,242.0,4.941038289875499,11.242424242424242,0.6253229974160207,2463.0,775.0,1.0,6.0
60,https://insights.blackcoffer.com/difference-between-artificial-intelligence-machine-learning-statistics-and-data-mining/,2130.0,2214.0,-0.019337016570134202,4.56302520529094,8.576576576576576,611.0,3.687353319706261,7.864864864864865,0.6418067226890757,6070.0,1936.0,0.0,5.9905462184873945
61,https://insights.blackcoffer.com/how-python-became-the-first-choice-for-data-science/,2514.0,2752.0,-0.04519559437045279,14.155913940441092,8.266666666666667,270.0,3.5969892473118286,7.955555555555556,0.7258064516129032,2521.0,782.0,0.0,6.346774193548387
62,https://insights.blackcoffer.com/how-google-fit-measure-heart-and-respiratory-rates-using-a-phone/,41.0,71.0,-0.26785714046556125,0.52336448353568,11.263157894736842,135.0,4.757599606492868,10.631578947368421,0.6308411214953271,1373.0,397.0,0.0,5.859813084112149
63,https://insights.blackcoffer.com/what-is-the-future-of-mobile-apps/,2602.0,2833.0,-0.04250229990018357,12.35227269919938,11.578947368421053,277.0,4.883397129186603,11.578947368421053,0.6295454545454545,2708.0,829.0,0.0,5.804545454545455
64,https://insights.blackcoffer.com/impact-of-ai-in-health-and-medicine/,1355.0,1633.0,-0.09303882192334711,10.447552411022544,13.619047619047619,203.0,5.731535131535132,13.476190476190476,0.7097902097902098,1950.0,624.0,0.0,6.3321678321678325
65,https://insights.blackcoffer.com/telemedicine-what-patients-like-and-dislike-about-it/,1272.0,1452.0,-0.06607929512992684,14.724324244733383,6.379310344827586,127.0,2.826318732525629,5.689655172413793,0.6864864864864865,1246.0,399.0,0.0,6.421621621621622
66,https://insights.blackcoffer.com/how-we-forecast-future-technologies/,1947.0,2068.0,-0.030136986293863764,42.712765503055685,7.833333333333333,73.0,3.443971631205674,7.083333333333333,0.776595744680851,675.0,212.0,0.0,6.648936170212766
67,https://insights.blackcoffer.com/can-robots-tackle-late-life-loneliness/,1703.0,1870.0,-0.04673943463567326,8.120454526998968,7.719298245614035,268.0,3.3313556618819775,6.7368421052631575,0.6090909090909091,2424.0,779.0,0.0,5.2318181818181815
68,https://insights.blackcoffer.com/embedding-care-robots-into-society-socio-technical-considerations/,1039.0,1168.0,-0.05845038511171256,23.231578702825487,8.636363636363637,74.0,3.766124401913876,8.272727272727273,0.7789473684210526,601.0,182.0,0.0,5.88421052631579
69,https://insights.blackcoffer.com/management-challenges-for-future-digitalization-of-healthcare-services/,895.0,1043.0,-0.07636738902148225,4.61428570329932,10.5,324.0,4.508571428571429,10.35,0.7714285714285715,3066.0,924.0,0.0,6.814285714285714
70,https://insights.blackcoffer.com/are-we-any-closer-to-preventing-a-nuclear-holocaust/,1506.0,1742.0,-0.07266009849979677,44.493150075436304,6.636363636363637,50.0,2.928518057285181,6.2727272727272725,0.684931506849315,443.0,132.0,0.0,5.835616438356165
71,https://insights.blackcoffer.com/will-technology-eliminate-the-need-for-animal-testing-in-drug-development/,2380.0,2639.0,-0.0516039051501088,31.173912849851472,7.0,117.0,3.090683229813665,6.304347826086956,0.7267080745341615,1056.0,335.0,0.0,6.167701863354037
72,https://insights.blackcoffer.com/will-we-ever-understand-the-nature-of-consciousness/,354.0,496.0,-0.16705882333287198,0.851703405960217,13.306666666666667,697.0,5.602025384101537,12.96,0.6983967935871743,6912.0,2150.0,0.0,6.51002004008016
73,https://insights.blackcoffer.com/will-we-ever-colonize-outer-space/,638.0,815.0,-0.12181693040480596,1.771951217351279,11.38888888888889,560.0,4.828726287262874,11.097222222222221,0.6829268292682927,5362.0,1621.0,1.0,6.109756097560975
74,https://insights.blackcoffer.com/what-is-the-chance-homo-sapiens-will-survive-for-the-next-500-years/,1569.0,1776.0,-0.06188340805324861,4.1245376028057485,9.541176470588235,476.0,4.051242474795097,8.811764705882354,0.5869297163995068,4623.0,1506.0,1.0,5.49691738594328
75,https://insights.blackcoffer.com/why-does-your-business-need-a-chatbot/,1725.0,1875.0,-0.041666666655092596,9.374999975585938,5.260273972602739,248.0,2.362442922374429,4.63013698630137,0.6458333333333334,2318.0,774.0,0.0,5.776041666666667
76,https://insights.blackcoffer.com/how-you-lead-a-project-or-a-team-without-any-technical-expertise/,2237.0,2392.0,-0.03348455389209666,7.067175561729503,9.776119402985074,406.0,4.15838669249174,8.940298507462687,0.6198473282442748,3783.0,1204.0,1.0,5.517557251908397
77,https://insights.blackcoffer.com/can-you-be-great-leader-without-technical-expertise/,1683.0,1836.0,-0.04347826085720993,16.9182691494314,12.235294117647058,125.0,5.134502262443439,11.529411764705882,0.6009615384615384,1283.0,417.0,0.0,5.793269230769231
78,https://insights.blackcoffer.com/how-does-artificial-intelligence-affect-the-environment/,1626.0,1817.0,-0.055474876545026176,3.943871702240697,11.64,617.0,4.93870332187858,11.28,0.7067583046964491,5947.0,1868.0,1.0,6.421534936998855
79,https://insights.blackcoffer.com/how-to-overcome-your-fear-of-making-mistakes-2/,1292.0,1513.0,-0.07878787875979042,5.598802384034326,6.2625,315.0,2.756497005988024,5.6875,0.6287425149700598,2945.0,940.0,1.0,5.6706586826347305
80,https://insights.blackcoffer.com/is-perfection-the-greatest-enemy-of-productivity/,690.0,843.0,-0.09980430521865341,2.7621621571852932,7.115384615384615,323.0,3.078946638946639,6.564102564102564,0.581981981981982,3160.0,972.0,0.0,5.403603603603604
81,https://insights.blackcoffer.com/global-financial-crisis-2008-causes-effects-and-its-solution/,1505.0,1736.0,-0.07127429803416406,5.914233565849939,11.659574468085106,350.0,4.919304239788787,11.404255319148936,0.6386861313868614,3348.0,959.0,2.0,5.7153284671532845
82,https://insights.blackcoffer.com/gender-diversity-and-equality-in-the-tech-industry/,271.0,408.0,-0.20176730456293476,1.0726698245297475,9.308823529411764,437.0,3.999674751417155,9.117647058823529,0.6903633491311216,4210.0,1363.0,2.0,6.293838862559242
83,https://insights.blackcoffer.com/how-to-overcome-your-fear-of-making-mistakes/,199.0,373.0,-0.30419580366399335,1.089523807448526,6.818181818181818,326.0,2.97565367965368,6.103896103896104,0.6209523809523809,3048.0,973.0,1.0,5.594285714285714
84,https://insights.blackcoffer.com/how-small-business-can-survive-the-coronavirus-crisis/,1893.0,2046.0,-0.038842345763177875,11.551319614219004,10.029411764705882,222.0,4.272175263067104,9.823529411764707,0.6510263929618768,2125.0,666.0,0.0,5.926686217008798
85,https://insights.blackcoffer.com/impacts-of-covid-19-on-vegetable-vendors-and-food-stalls/,309.0,433.0,-0.16711590273973598,4.666666637316562,14.454545454545455,101.0,6.035906232132648,13.727272727272727,0.6352201257861635,987.0,312.0,0.0,5.830188679245283
86,https://insights.blackcoffer.com/impacts-of-covid-19-on-vegetable-vendors/,2584.0,2826.0,-0.044731977810585584,12.640186886354703,17.12,296.0,7.124635514018692,16.64,0.6915887850467289,2893.0,887.0,0.0,6.303738317757009
87,https://insights.blackcoffer.com/impact-of-covid-19-pandemic-on-tourism-aviation-industries/,1588.0,1803.0,-0.0634031259028596,5.061194022296726,11.35593220338983,443.0,4.806850493296231,11.135593220338983,0.6611940298507463,4239.0,1290.0,0.0,5.991044776119403
88,https://insights.blackcoffer.com/impact-of-covid-19-pandemic-on-sports-events-around-the-world/,493.0,667.0,-0.14999999987068965,0.5390334569985904,8.642570281124499,1035.0,3.6494072946059335,8.204819277108435,0.4809479553903346,11137.0,3588.0,0.0,5.158921933085502
89,https://insights.blackcoffer.com/changing-landscape-and-emerging-trends-in-the-indian-it-ites-industry/,927.0,1080.0,-0.07623318381851858,2.2677966076070093,10.411764705882353,635.0,4.451711532070456,9.894117647058824,0.7175141242937854,5992.0,1775.0,0.0,6.302824858757062
90,https://insights.blackcoffer.com/online-gaming-adolescent-online-gaming-effects-demotivated-depression-musculoskeletal-and-psychosomatic-symptoms/,746.0,939.0,-0.1145400592792047,1.77368420865928,14.84375,679.0,6.223394736842106,14.25,0.7147368421052631,6373.0,1970.0,0.0,6.253684210526316
91,https://insights.blackcoffer.com/human-rights-outlook/,357.0,497.0,-0.16393442603754751,12.939393743342519,9.428571428571429,43.0,4.032034632034633,9.428571428571429,0.6515151515151515,394.0,124.0,0.0,5.803030303030303
92,https://insights.blackcoffer.com/how-voice-search-makes-your-business-a-successful-business/,952.0,1084.0,-0.0648330058620663,4.113131304821957,12.375,289.0,5.183535353535354,11.75,0.5838383838383838,2770.0,869.0,0.0,5.3232323232323235
93,https://insights.blackcoffer.com/how-the-covid-19-crisis-is-redefining-jobs-and-services/,820.0,984.0,-0.09090909085869783,2.145065395784702,6.950413223140496,557.0,3.0450880003144625,6.206611570247934,0.6623067776456599,5539.0,1723.0,0.0,6.20332936979786
94,https://insights.blackcoffer.com/how-to-increase-social-media-engagement-for-marketers/,787.0,953.0,-0.0954022987957458,1.9184123462862046,9.648936170212766,598.0,4.123301039198668,9.159574468085106,0.659316427783903,5735.0,1814.0,0.0,5.990077177508269
95,https://insights.blackcoffer.com/impacts-of-covid-19-on-streets-sides-food-stalls/,1382.0,1663.0,-0.09228243018315849,5.332749552832312,12.148936170212766,379.0,5.125073592428365,11.595744680851064,0.6637478108581436,3702.0,1115.0,0.0,6.035026269702277
96,https://insights.blackcoffer.com/coronavirus-impact-on-energy-markets-2/,2356.0,2565.0,-0.042471042462411894,4.975733058669633,13.364864864864865,668.0,5.616117836744733,13.216216216216216,0.6754297269969667,6558.0,2096.0,0.0,6.381193124368049
97,https://insights.blackcoffer.com/coronavirus-impact-on-the-hospitality-industry-5/,2452.0,2749.0,-0.05710440298844368,9.869070190001764,9.943396226415095,364.0,4.253639325480649,9.641509433962264,0.6907020872865275,3441.0,1074.0,2.0,6.1992409867172675
98,https://insights.blackcoffer.com/lessons-from-the-past-some-key-learnings-relevant-to-the-coronavirus-crisis-4/,2417.0,2690.0,-0.05345604071794477,8.277147474429258,8.337837837837839,408.0,3.599640807744536,7.54054054054054,0.6612641815235009,3946.0,1188.0,2.0,5.938411669367909
99,https://insights.blackcoffer.com/estimating-the-impact-of-covid-19-on-the-world-of-work-2/,475.0,656.0,-0.16003536679041963,2.18339767918263,12.634146341463415,377.0,5.344778227705057,12.048780487804878,0.7277992277992278,3693.0,1122.0,0.0,6.563706563706564
100,https://insights.blackcoffer.com/estimating-the-impact-of-covid-19-on-the-world-of-work-3/,14.0,32.0,-0.3913043393194709,0.06397774678167212,10.420289855072463,441.0,4.413456693072101,10.594202898550725,0.6133518776077886,4857.0,1518.0,0.0,6.45201668984701
101,https://insights.blackcoffer.com/travel-and-tourism-outlook/,312.0,436.0,-0.16577540084789386,8.697674317468904,8.6,53.0,3.686511627906977,8.3,0.6162790697674418,485.0,156.0,0.0,5.604651162790698
102,https://insights.blackcoffer.com/gaming-disorder-and-effects-of-gaming-on-health/,38.0,71.0,-0.3027522908004377,0.18696397909611667,9.253968253968255,386.0,3.966424351330012,8.761904761904763,0.6620926243567753,3663.0,1097.0,0.0,5.919382504288165
103,https://insights.blackcoffer.com/what-is-the-repercussion-of-the-environment-due-to-the-covid-19-pandemic-situation/,1110.0,1308.0,-0.08188585604553936,6.090680085413904,10.179487179487179,232.0,4.305548020409481,9.974358974358974,0.5843828715365239,2263.0,735.0,0.0,5.700251889168766
104,https://insights.blackcoffer.com/what-is-the-repercussion-of-the-environment-due-to-the-covid-19-pandemic-situation-2/,2263.0,2441.0,-0.037840136046377516,7.52639998795776,12.01923076923077,466.0,5.105932307692308,11.307692307692308,0.7456,4469.0,1340.0,2.0,6.6096
105,https://insights.blackcoffer.com/impact-of-covid-19-pandemic-on-office-space-and-co-working-industries/,62.0,105.0,-0.25748502839829324,0.3326693220464755,12.55,324.0,5.278167330677292,12.175,0.6454183266932271,3089.0,898.0,2.0,5.729083665338646
106,https://insights.blackcoffer.com/contribution-of-handicrafts-visual-arts-literature-in-the-indian-economy/,1332.0,1600.0,-0.09140518414344981,29.02970268287423,20.2,62.0,8.325544554455446,20.2,0.6138613861386139,641.0,191.0,0.0,5.891089108910891
107,https://insights.blackcoffer.com/how-covid-19-is-impacting-payment-preferences/,441.0,625.0,-0.172607879763032,3.7272727142403053,8.9375,176.0,3.8211538461538463,8.5,0.6153846153846154,1699.0,531.0,1.0,5.618881118881119
108,https://insights.blackcoffer.com/how-will-covid-19-affect-the-world-of-work-2/,90.0,156.0,-0.26829268183620864,0.469465647959035,15.411764705882353,358.0,6.437988325101033,15.235294117647058,0.683206106870229,3495.0,1052.0,0.0,6.2958015267175576
109,https://insights.blackcoffer.com/lessons-from-the-past-some-key-learnings-relevant-to-the-coronavirus-crisis/,598.0,793.0,-0.14018691578706907,4.699324308448229,9.548387096774194,188.0,4.073408892763732,9.419354838709678,0.6351351351351351,1686.0,501.0,3.0,5.422297297297297
110,https://insights.blackcoffer.com/covid-19-how-have-countries-been-responding/,1258.0,1444.0,-0.06883789782796525,4.68284227957913,11.313725490196079,381.0,4.78961497944065,11.333333333333334,0.6603119584055459,3831.0,1142.0,0.0,6.31369150779896
111,https://insights.blackcoffer.com/coronavirus-impact-on-the-hospitality-industry-2/,2368.0,2592.0,-0.045161290313475544,8.9208632933078,10.692307692307692,388.0,4.5560597675705585,10.288461538461538,0.697841726618705,3857.0,1149.0,0.0,6.465827338129497
112,https://insights.blackcoffer.com/how-will-covid-19-affect-the-world-of-work-3/,430.0,622.0,-0.18250950552993392,1.6805111794241037,11.381818181818181,406.0,4.812152192855068,10.763636363636364,0.6485623003194888,4093.0,1230.0,1.0,6.236421725239617
113,https://insights.blackcoffer.com/coronavirus-impact-on-the-hospitality-industry-3/,2181.0,2346.0,-0.036447978785852,10.98786405100033,11.444444444444445,277.0,4.84670981661273,10.805555555555555,0.6723300970873787,2703.0,850.0,0.0,6.133495145631068
114,https://insights.blackcoffer.com/estimating-the-impact-of-covid-19-on-the-world-of-work/,1202.0,1389.0,-0.07217290618596182,3.129227049360837,11.04,535.0,4.674454106280193,10.346666666666666,0.6461352657004831,5243.0,1536.0,1.0,5.884057971014493
115,https://insights.blackcoffer.com/covid-19-how-have-countries-been-responding-2/,2198.0,2384.0,-0.04059362722815503,5.272727266659692,12.069444444444445,559.0,5.085085027490091,11.847222222222221,0.6432681242807825,5524.0,1741.0,0.0,6.084004602991945
116,https://insights.blackcoffer.com/how-will-covid-19-affect-the-world-of-work-4/,842.0,1008.0,-0.08972972968122717,4.973118266201295,15.5,229.0,6.446236559139786,15.416666666666666,0.6155913978494624,2225.0,625.0,2.0,5.537634408602151
117,https://insights.blackcoffer.com/lessons-from-the-past-some-key-learnings-relevant-to-the-coronavirus-crisis-2/,2167.0,2325.0,-0.03517364202244576,4.465208743076333,13.413333333333334,680.0,5.635711066931743,13.066666666666666,0.6759443339960238,6601.0,1975.0,1.0,6.181908548707754
118,https://insights.blackcoffer.com/lessons-from-the-past-some-key-learnings-relevant-to-the-coronavirus-crisis-3/,2078.0,2176.0,-0.02303714150845389,6.985221663406861,7.8076923076923075,379.0,3.372009599595806,7.128205128205129,0.6223316912972086,3463.0,1053.0,0.0,5.338259441707717
119,https://insights.blackcoffer.com/coronavirus-impact-on-the-hospitality-industry-4/,1737.0,1894.0,-0.04323877718445641,17.208530724130185,10.55,142.0,4.489194312796209,10.4,0.6729857819905213,1422.0,472.0,0.0,6.507109004739337
120,https://insights.blackcoffer.com/why-scams-like-nirav-modi-happen-with-indian-banks/,1332.0,1600.0,-0.09140518414344981,2.239877767578397,13.494845360824742,869.0,5.663484362817292,12.876288659793815,0.6638655462184874,8456.0,2569.0,5.0,6.078686019862491
121,https://insights.blackcoffer.com/impact-of-covid-19-on-the-global-economy/,1034.0,1166.0,-0.05999999997272728,3.4482758566641443,9.815384615384616,412.0,4.184461056185195,9.138461538461538,0.64576802507837,3976.0,1156.0,2.0,5.74294670846395
122,https://insights.blackcoffer.com/impact-of-covid-19coronavirus-on-the-indian-economy-2/,409.0,575.0,-0.16869918682042764,1.0468085095246717,9.4,590.0,4.0110638297872345,9.05,0.6276595744680851,5645.0,1794.0,0.0,5.791489361702127
123,https://insights.blackcoffer.com/impact-of-covid-19-on-the-global-economy-2/,1874.0,2038.0,-0.041922290377831725,4.157279485486419,12.064102564102564,645.0,5.09981743371754,12.025641025641026,0.6854410201912858,6236.0,1873.0,1.0,6.232731137088204
124,https://insights.blackcoffer.com/impact-of-covid-19-coronavirus-on-the-indian-economy-3/,513.0,707.0,-0.15901639331228162,2.1441124742634226,9.483333333333333,335.0,4.028834212067955,9.133333333333333,0.5887521968365553,3254.0,1080.0,1.0,5.601054481546573
125,https://insights.blackcoffer.com/should-celebrities-be-allowed-to-join-politics/,252.0,390.0,-0.2149532706932192,0.6287952981108763,15.238805970149254,691.0,6.366237373368223,14.522388059701493,0.6767874632713027,6665.0,2123.0,0.0,6.164544564152791
126,https://insights.blackcoffer.com/how-prepared-is-india-to-tackle-a-possible-covid-19-outbreak/,2528.0,2775.0,-0.04657740900498257,11.002074665970799,14.176470588235293,304.0,5.9228703929704665,13.441176470588236,0.6307053941908713,2962.0,922.0,1.0,5.821576763485477
127,https://insights.blackcoffer.com/how-will-covid-19-affect-the-world-of-work/,126.0,272.0,-0.36683416993257745,0.5189048233130316,11.279411764705882,500.0,4.772520898841935,10.794117647058824,0.651890482398957,4867.0,1530.0,1.0,6.0078226857887875
128,https://insights.blackcoffer.com/controversy-as-a-marketing-strategy/,1338.0,1615.0,-0.09380291226081852,18.341614792909226,10.0625,99.0,4.270962732919255,9.25,0.6149068322981367,990.0,305.0,0.0,5.795031055900621
129,https://insights.blackcoffer.com/coronavirus-impact-on-the-hospitality-industry/,643.0,821.0,-0.12158469937050224,5.323636344277686,11.0,179.0,4.660363636363637,10.68,0.6509090909090909,1701.0,544.0,0.0,6.083636363636364
130,https://insights.blackcoffer.com/coronavirus-impact-on-energy-markets/,2341.0,2524.0,-0.03761562178055177,5.208779437677967,18.313725490196077,643.0,7.600864928412479,18.862745098039216,0.6884368308351178,6304.0,1903.0,0.0,6.211991434689508
131,https://insights.blackcoffer.com/what-are-the-key-policies-that-will-mitigate-the-impacts-of-covid-19-on-the-world-of-work/,1815.0,1923.0,-0.028892455851018607,3.608108104625378,14.191780821917808,703.0,5.948140900195695,13.561643835616438,0.6785714285714286,6875.0,2085.0,0.0,6.2017374517374515
132,https://insights.blackcoffer.com/marketing-drives-results-with-a-focus-on-problems/,2439.0,2710.0,-0.052631578937146706,6.3804213056004695,11.528571428571428,529.0,4.873634271552487,10.942857142857143,0.6555142503097894,4984.0,1623.0,0.0,5.924411400247831
133,https://insights.blackcoffer.com/continued-demand-for-sustainability/,379.0,514.0,-0.15117581170081096,2.1363636312527188,15.481481481481481,315.0,6.494027999291157,14.88888888888889,0.7535885167464115,3026.0,949.0,0.0,6.7105263157894735
134,https://insights.blackcoffer.com/coronavirus-disease-covid-19-effect-the-impact-and-role-of-mass-media-during-the-pandemic/,2535.0,2785.0,-0.046992481194174346,23.231440946587593,13.470588235294118,144.0,5.639763678397124,12.882352941176471,0.62882096069869,1411.0,454.0,0.0,5.790393013100437
135,https://insights.blackcoffer.com/should-people-wear-fabric-gloves-seeking-evidence-regarding-the-differential-transfer-of-covid-19-or-coronaviruses-generally-between-surfaces/,2385.0,2646.0,-0.051878354193623855,29.769230593081478,8.894736842105264,101.0,3.7969479912799757,8.578947368421053,0.5976331360946746,950.0,286.0,1.0,5.337278106508876
136,https://insights.blackcoffer.com/why-is-there-a-severe-immunological-and-inflammatory-explosion-in-those-affected-by-sarms-covid-19/,95.0,191.0,-0.33566433449068417,1.4591836660245732,8.521739130434783,128.0,3.669920141969832,8.304347826086957,0.6530612244897959,1303.0,431.0,1.0,6.403061224489796
137,https://insights.blackcoffer.com/what-do-you-think-is-the-lesson-or-lessons-to-be-learned-with-covid-19/,1729.0,1880.0,-0.04183984482077034,25.415492778764136,7.888888888888889,74.0,3.3640062597809077,7.277777777777778,0.5211267605633803,727.0,260.0,0.0,5.112676056338028
138,https://insights.blackcoffer.com/coronavirus-the-unexpected-challenge-for-the-european-union/,1343.0,1625.0,-0.09501347705693616,23.007751759629834,8.0625,94.0,3.516472868217054,8.5,0.7286821705426356,886.0,278.0,2.0,6.550387596899225
139,https://insights.blackcoffer.com/industrial-revolution-4-0-pros-and-cons/,1386.0,1665.0,-0.0914454276986413,23.83593731378174,8.533333333333333,63.0,3.6102083333333335,8.6,0.4921875,677.0,245.0,0.0,5.2578125
140,https://insights.blackcoffer.com/impact-of-covid-19-coronavirus-on-the-indian-economy/,2141.0,2264.0,-0.027922814976635,8.63725488502499,10.408163265306122,326.0,4.418951580632252,10.040816326530612,0.6392156862745098,3151.0,966.0,0.0,5.915686274509804
141,https://insights.blackcoffer.com/impact-of-covid-19-coronavirus-on-the-indian-economy-2/,95.0,175.0,-0.2962962951989026,1.173913038374291,13.529411764705882,139.0,5.653503836317135,13.470588235294118,0.6043478260869565,1378.0,425.0,0.0,5.760869565217392
142,https://insights.blackcoffer.com/impact-of-covid-19coronavirus-on-the-indian-economy/,575.0,772.0,-0.14625092787954644,1.3675126889669922,11.867469879518072,661.0,5.015414347746315,11.590361445783133,0.6710659898477157,6609.0,2062.0,1.0,6.356345177664974
143,https://insights.blackcoffer.com/impact-of-covid-19-coronavirus-on-the-global-economy/,2373.0,2614.0,-0.04832564667168124,15.439628435171429,8.72972972972973,225.0,3.770529662789725,8.297297297297296,0.6965944272445821,2224.0,677.0,1.0,6.424148606811145
144,https://insights.blackcoffer.com/ensuring-growth-through-insurance-technology/,,,,,,,,,,,,,
145,https://insights.blackcoffer.com/blockchain-in-fintech/,180.0,304.0,-0.2561983465781026,1.3828571389061224,10.294117647058824,271.0,4.4273613445378155,9.676470588235293,0.7742857142857142,2607.0,742.0,0.0,6.894285714285714
146,https://insights.blackcoffer.com/blockchain-for-payments/,863.0,1034.0,-0.09014232994721015,3.8952771993936812,8.854545454545455,357.0,3.83504200112003,8.363636363636363,0.7330595482546202,3576.0,1051.0,0.0,6.84394250513347
147,https://insights.blackcoffer.com/the-future-of-investing/,1491.0,1713.0,-0.06928838949148303,5.101910819901416,11.418181818181818,435.0,4.844342790966995,11.018181818181818,0.6926751592356688,4192.0,1289.0,0.0,6.286624203821656
148,https://insights.blackcoffer.com/big-data-analytics-in-healthcare/,1841.0,1963.0,-0.03207150367190549,5.703148417236659,9.136986301369863,474.0,3.9390523916124134,8.698630136986301,0.7106446776611695,4415.0,1370.0,0.0,6.175412293853073
149,https://insights.blackcoffer.com/business-analytics-in-the-healthcare-industry/,539.0,710.0,-0.13690952751248237,3.8668730530437365,12.423076923076923,255.0,5.28502024291498,12.153846153846153,0.7894736842105263,2495.0,756.0,0.0,7.1269349845201235
150,https://insights.blackcoffer.com/challenges-and-opportunities-of-big-data-in-healthcare/,719.0,878.0,-0.09956167808418179,2.772569439630956,8.727272727272727,414.0,3.778409090909091,7.954545454545454,0.71875,3891.0,1200.0,0.0,6.248263888888889
